{
  "id": "spec0",
  "description": "Установка Имя доставки=Имя клиента(физ.лицо), Имя доставки заполнено",
  "fullName": "createCustomer: copy customerName Установка Имя доставки=Имя клиента(физ.лицо), Имя доставки заполнено",
  "failedExpectations": [
    {
      "matcherName": "",
      "message": "Failed: JavaScript error (WARNING: The server did not provide any stacktrace information)\nCommand duration or timeout: 125 milliseconds\nBuild info: version: '2.47.1', revision: '411b314', time: '2015-07-30 03:03:16'\nSystem info: host: 'WKS-15097', ip: '172.20.106.79', os.name: 'Windows 7', os.arch: 'amd64', os.version: '6.1', java.version: '1.8.0_65'\nDriver info: org.openqa.selenium.ie.InternetExplorerDriver\nCapabilities [{browserAttachTimeout=0, enablePersistentHover=true, ie.forceCreateProcessApi=false, ie.usePerProcessProxy=false, ignoreZoomSetting=false, handlesAlerts=true, version=11, platform=WINDOWS, nativeEvents=true, ie.ensureCleanSession=false, elementScrollBehavior=0, ie.browserCommandLineSwitches=, requireWindowFocus=false, browserName=internet explorer, initialBrowserUrl=http://localhost:14619/, takesScreenshot=true, javascriptEnabled=true, ignoreProtectedModeSettings=false, enableElementCacheCleanup=true, cssSelectorsEnabled=true, unexpectedAlertBehaviour=dismiss}]\nSession ID: 84b3c6cc-a138-4578-9d94-38052d25eeb3",
      "stack": "UnknownError: JavaScript error (WARNING: The server did not provide any stacktrace information)\nCommand duration or timeout: 125 milliseconds\nBuild info: version: '2.47.1', revision: '411b314', time: '2015-07-30 03:03:16'\nSystem info: host: 'WKS-15097', ip: '172.20.106.79', os.name: 'Windows 7', os.arch: 'amd64', os.version: '6.1', java.version: '1.8.0_65'\nDriver info: org.openqa.selenium.ie.InternetExplorerDriver\nCapabilities [{browserAttachTimeout=0, enablePersistentHover=true, ie.forceCreateProcessApi=false, ie.usePerProcessProxy=false, ignoreZoomSetting=false, handlesAlerts=true, version=11, platform=WINDOWS, nativeEvents=true, ie.ensureCleanSession=false, elementScrollBehavior=0, ie.browserCommandLineSwitches=, requireWindowFocus=false, browserName=internet explorer, initialBrowserUrl=http://localhost:14619/, takesScreenshot=true, javascriptEnabled=true, ignoreProtectedModeSettings=false, enableElementCacheCleanup=true, cssSelectorsEnabled=true, unexpectedAlertBehaviour=dismiss}]\nSession ID: 84b3c6cc-a138-4578-9d94-38052d25eeb3\n    at new bot.Error (C:\\Users\\marina.peunkova\\AppData\\Roaming\\npm\\node_modules\\protractor\\node_modules\\selenium-webdriver\\lib\\atoms\\error.js:108:18)\n    at Object.bot.response.checkResponse (C:\\Users\\marina.peunkova\\AppData\\Roaming\\npm\\node_modules\\protractor\\node_modules\\selenium-webdriver\\lib\\atoms\\response.js:109:9)\n    at C:\\Users\\marina.peunkova\\AppData\\Roaming\\npm\\node_modules\\protractor\\node_modules\\selenium-webdriver\\lib\\webdriver\\webdriver.js:379:20\n    at [object Object].promise.ControlFlow.runInFrame_ (C:/Users/marina.peunkova/AppData/Roaming/npm/node_modules/protractor/node_modules/selenium-webdriver/lib/goog/../webdriver/promise.js:1857:20)\n    at [object Object].goog.defineClass.notify (C:/Users/marina.peunkova/AppData/Roaming/npm/node_modules/protractor/node_modules/selenium-webdriver/lib/goog/../webdriver/promise.js:2448:25)\n    at [object Object].promise.Promise.notify_ (C:/Users/marina.peunkova/AppData/Roaming/npm/node_modules/protractor/node_modules/selenium-webdriver/lib/goog/../webdriver/promise.js:564:12)\n    at Array.forEach (native)\n    at [object Object].promise.Promise.notifyAll_ (C:/Users/marina.peunkova/AppData/Roaming/npm/node_modules/protractor/node_modules/selenium-webdriver/lib/goog/../webdriver/promise.js:553:15)\n    at goog.async.run.processWorkQueue (C:\\Users\\marina.peunkova\\AppData\\Roaming\\npm\\node_modules\\protractor\\node_modules\\selenium-webdriver\\lib\\goog\\async\\run.js:130:15)\n    at process._tickCallback (node.js:377:9)\nFrom: Task: Run it(\"Установка Имя доставки=Имя клиента(физ.лицо), Имя доставки заполнено\") in control flow\n    at Object.<anonymous> (C:\\Users\\marina.peunkova\\AppData\\Roaming\\npm\\node_modules\\protractor\\node_modules\\jasminewd2\\index.js:81:14)\n    at attemptAsync (C:\\Users\\marina.peunkova\\AppData\\Roaming\\npm\\node_modules\\protractor\\node_modules\\jasmine-core\\lib\\jasmine-core\\jasmine.js:1819:24)\n    at QueueRunner.run (C:\\Users\\marina.peunkova\\AppData\\Roaming\\npm\\node_modules\\protractor\\node_modules\\jasmine-core\\lib\\jasmine-core\\jasmine.js:1774:9)\n    at C:\\Users\\marina.peunkova\\AppData\\Roaming\\npm\\node_modules\\protractor\\node_modules\\jasmine-core\\lib\\jasmine-core\\jasmine.js:1801:16\n    at C:\\Users\\marina.peunkova\\AppData\\Roaming\\npm\\node_modules\\protractor\\node_modules\\jasmine-core\\lib\\jasmine-core\\jasmine.js:1745:9\n    at C:\\Users\\marina.peunkova\\AppData\\Roaming\\npm\\node_modules\\protractor\\node_modules\\jasminewd2\\index.js:18:5\n    at [object Object].promise.ControlFlow.runInFrame_ (C:/Users/marina.peunkova/AppData/Roaming/npm/node_modules/protractor/node_modules/selenium-webdriver/lib/goog/../webdriver/promise.js:1857:20)\n    at [object Object].goog.defineClass.notify (C:/Users/marina.peunkova/AppData/Roaming/npm/node_modules/protractor/node_modules/selenium-webdriver/lib/goog/../webdriver/promise.js:2448:25)\n    at [object Object].promise.Promise.notify_ (C:/Users/marina.peunkova/AppData/Roaming/npm/node_modules/protractor/node_modules/selenium-webdriver/lib/goog/../webdriver/promise.js:564:12)\n    at Array.forEach (native)\nFrom asynchronous test: \nError\n    at Suite.<anonymous> (C:\\protractor\\protractor\\test\\customerCardRegistration\\SBMS-CreateCustomer-FizCopyCustomerNameDeliveryFilled.js:10:2)\n    at addSpecsToSuite (C:\\Users\\marina.peunkova\\AppData\\Roaming\\npm\\node_modules\\protractor\\node_modules\\jasmine-core\\lib\\jasmine-core\\jasmine.js:743:25)\n    at Env.describe (C:\\Users\\marina.peunkova\\AppData\\Roaming\\npm\\node_modules\\protractor\\node_modules\\jasmine-core\\lib\\jasmine-core\\jasmine.js:713:7)\n    at jasmineInterface.describe (C:\\Users\\marina.peunkova\\AppData\\Roaming\\npm\\node_modules\\protractor\\node_modules\\jasmine-core\\lib\\jasmine-core\\jasmine.js:3219:18)\n    at Object.<anonymous> (C:\\protractor\\protractor\\test\\customerCardRegistration\\SBMS-CreateCustomer-FizCopyCustomerNameDeliveryFilled.js:2:1)\n    at Module._compile (module.js:425:26)\n    at Object.Module._extensions..js (module.js:432:10)\n    at Module.load (module.js:356:32)\n    at Function.Module._load (module.js:311:12)",
      "passed": false,
      "expected": "",
      "actual": ""
    }
  ],
  "passedExpectations": [],
  "pendingReason": "",
  "status": "failed",
  "duration": "5 secs"
}